site,time,true_r,r_tilde
0,0.000002,4.268876,4.268876
1,0.000002,0.325228,0.325228
2,0.000002,0.607530,0.607530
3,0.000002,0.167146,0.167146
4,0.000002,0.893239,0.893239
5,0.000002,0.079135,0.079135
6,0.000002,2.254304,2.254304
7,0.000002,0.841910,0.841910
8,0.000002,0.560271,0.560271
9,0.000002,0.002361,0.002361
0,0.020002,4.268876,4.268876
1,0.020002,0.325228,0.325228
2,0.020002,0.607530,0.607530
3,0.020002,0.167146,0.167146
4,0.020002,0.893239,0.893239
5,0.020002,0.079135,0.079135
6,0.020002,2.254304,2.254304
7,0.020002,0.841910,0.841910
8,0.020002,0.560271,0.560271
9,0.020002,0.002361,0.002361
0,0.040002,4.268876,4.268876
1,0.040002,0.325228,0.325228
2,0.040002,0.607530,0.607530
3,0.040002,0.167146,0.167146
4,0.040002,0.893239,0.893239
5,0.040002,0.079135,0.079135
6,0.040002,2.254304,2.254304
7,0.040002,0.841910,0.841910
8,0.040002,0.560271,0.560271
9,0.040002,0.002361,0.002361
0,0.060002,4.268876,4.268876
1,0.060002,0.325228,0.325228
2,0.060002,0.607530,0.607530
3,0.060002,0.167146,0.167146
4,0.060002,0.893239,0.893239
5,0.060002,0.079135,0.079135
6,0.060002,2.254304,2.254304
7,0.060002,0.841910,0.841910
8,0.060002,0.560271,0.560271
9,0.060002,0.002361,0.002361
0,0.080002,4.268876,4.268876
1,0.080002,0.325228,0.325228
2,0.080002,0.607530,0.607530
3,0.080002,0.167146,0.167146
4,0.080002,0.893239,0.893239
5,0.080002,0.079135,0.079135
6,0.080002,2.254304,2.254304
7,0.080002,0.841910,0.841910
8,0.080002,0.560271,0.560271
9,0.080002,0.002361,0.002361
0,0.100002,4.268876,4.268876
1,0.100002,0.325228,0.325228
2,0.100002,0.607530,0.607530
3,0.100002,0.167146,0.167146
4,0.100002,0.893239,0.893239
5,0.100002,0.079135,0.079135
6,0.100002,2.254304,2.254304
7,0.100002,0.841910,0.841910
8,0.100002,0.560271,0.560271
9,0.100002,0.002361,0.002361
0,0.120002,4.268876,4.268876
1,0.120002,0.325228,0.325228
2,0.120002,0.607530,0.607530
3,0.120002,0.167146,0.167146
4,0.120002,0.893239,0.893239
5,0.120002,0.079135,0.079135
6,0.120002,2.254304,2.254304
7,0.120002,0.841910,0.841910
8,0.120002,0.560271,0.560271
9,0.120002,0.002361,0.002361
0,0.140002,4.268876,4.268876
1,0.140002,0.325228,0.325228
2,0.140002,0.607530,0.607530
3,0.140002,0.167146,0.167146
4,0.140002,0.893239,0.893239
5,0.140002,0.079135,0.079135
6,0.140002,2.254304,2.254304
7,0.140002,0.841910,0.841910
8,0.140002,0.560271,0.560271
9,0.140002,0.002361,0.002361
0,0.160002,4.268876,4.268876
1,0.160002,0.325228,0.325228
2,0.160002,0.607530,0.607530
3,0.160002,0.167146,0.167146
4,0.160002,0.893239,0.893239
5,0.160002,0.079135,0.079135
6,0.160002,2.254304,2.254304
7,0.160002,0.841910,0.841910
8,0.160002,0.560271,0.560271
9,0.160002,0.002361,0.002361
0,0.180002,4.268876,4.268876
1,0.180002,0.325228,0.325228
2,0.180002,0.607530,0.607530
3,0.180002,0.167146,0.167146
4,0.180002,0.893239,0.893239
5,0.180002,0.079135,0.079135
6,0.180002,2.254304,2.254304
7,0.180002,0.841910,0.841910
8,0.180002,0.560271,0.560271
9,0.180002,0.002361,0.002361
0,0.200002,4.268876,4.268876
1,0.200002,0.325228,0.325228
2,0.200002,0.607530,0.607530
3,0.200002,0.167146,0.167146
4,0.200002,0.893239,0.893239
5,0.200002,0.079135,0.079135
6,0.200002,2.254304,2.254304
7,0.200002,0.841910,0.841910
8,0.200002,0.560271,0.560271
9,0.200002,0.002361,0.002361
0,0.220002,4.268876,4.268876
1,0.220002,0.325228,0.325228
2,0.220002,0.607530,0.607530
3,0.220002,0.167146,0.167146
4,0.220002,0.893239,0.893239
5,0.220002,0.079135,0.079135
6,0.220002,2.254304,2.254304
7,0.220002,0.841910,0.841910
8,0.220002,0.560271,0.560271
9,0.220002,0.002361,0.002361
0,0.240002,4.268876,4.268876
1,0.240002,0.325228,0.325228
2,0.240002,0.607530,0.607530
3,0.240002,0.167146,0.167146
4,0.240002,0.893239,0.893239
5,0.240002,0.079135,0.079135
6,0.240002,2.254304,2.254304
7,0.240002,0.841910,0.841910
8,0.240002,0.560271,0.560271
9,0.240002,0.002361,0.002361
0,0.260002,4.268876,4.268876
1,0.260002,0.325228,0.325228
2,0.260002,0.607530,0.607530
3,0.260002,0.167146,0.167146
4,0.260002,0.893239,0.893239
5,0.260002,0.079135,0.079135
6,0.260002,2.254304,2.254304
7,0.260002,0.841910,0.841910
8,0.260002,0.560271,0.560271
9,0.260002,0.002361,0.002361
0,0.280002,4.268876,4.268876
1,0.280002,0.325228,0.325228
2,0.280002,0.607530,0.607530
3,0.280002,0.167146,0.167146
4,0.280002,0.893239,0.893239
5,0.280002,0.079135,0.079135
6,0.280002,2.254304,2.254304
7,0.280002,0.841910,0.841910
8,0.280002,0.560271,0.560271
9,0.280002,0.002361,0.002361
0,0.300002,4.268876,4.268876
1,0.300002,0.325228,0.325228
2,0.300002,0.607530,0.607530
3,0.300002,0.167146,0.167146
4,0.300002,0.893239,0.893239
5,0.300002,0.079135,0.079135
6,0.300002,2.254304,2.254304
7,0.300002,0.841910,0.841910
8,0.300002,0.560271,0.560271
9,0.300002,0.002361,0.002361
0,0.320002,4.268876,4.268876
1,0.320002,0.325228,0.325228
2,0.320002,0.607530,0.607530
3,0.320002,0.167146,0.167146
4,0.320002,0.893239,0.893239
5,0.320002,0.079135,0.079135
6,0.320002,2.254304,2.254304
7,0.320002,0.841910,0.841910
8,0.320002,0.560271,0.560271
9,0.320002,0.002361,0.002361
0,0.340002,4.268876,4.268876
1,0.340002,0.325228,0.325228
2,0.340002,0.607530,0.607530
3,0.340002,0.167146,0.167146
4,0.340002,0.893239,0.893239
5,0.340002,0.079135,0.079135
6,0.340002,2.254304,2.254304
7,0.340002,0.841910,0.841910
8,0.340002,0.560271,0.560271
9,0.340002,0.002361,0.002361
0,0.360002,4.268876,4.268876
1,0.360002,0.325228,0.325228
2,0.360002,0.607530,0.607530
3,0.360002,0.167146,0.167146
4,0.360002,0.893239,0.893239
5,0.360002,0.079135,0.079135
6,0.360002,2.254304,2.254304
7,0.360002,0.841910,0.841910
8,0.360002,0.560271,0.560271
9,0.360002,0.002361,0.002361
0,0.380002,4.268876,4.268876
1,0.380002,0.325228,0.325228
2,0.380002,0.607530,0.607530
3,0.380002,0.167146,0.167146
4,0.380002,0.893239,0.893239
5,0.380002,0.079135,0.079135
6,0.380002,2.254304,2.254304
7,0.380002,0.841910,0.841910
8,0.380002,0.560271,0.560271
9,0.380002,0.002361,0.002361
0,0.400002,4.268876,4.268876
1,0.400002,0.325228,0.325228
2,0.400002,0.607530,0.607530
3,0.400002,0.167146,0.167146
4,0.400002,0.893239,0.893239
5,0.400002,0.079135,0.079135
6,0.400002,2.254304,2.254304
7,0.400002,0.841910,0.841910
8,0.400002,0.560271,0.560271
9,0.400002,0.002361,0.002361
0,0.420002,4.268876,4.268876
1,0.420002,0.325228,0.325228
2,0.420002,0.607530,0.607530
3,0.420002,0.167146,0.167146
4,0.420002,0.893239,0.893239
5,0.420002,0.079135,0.079135
6,0.420002,2.254304,2.254304
7,0.420002,0.841910,0.841910
8,0.420002,0.560271,0.560271
9,0.420002,0.002361,0.002361
0,0.440002,4.268876,4.268876
1,0.440002,0.325228,0.325228
2,0.440002,0.607530,0.607530
3,0.440002,0.167146,0.167146
4,0.440002,0.893239,0.893239
5,0.440002,0.079135,0.079135
6,0.440002,2.254304,2.254304
7,0.440002,0.841910,0.841910
8,0.440002,0.560271,0.560271
9,0.440002,0.002361,0.002361
0,0.460002,4.268876,4.268876
1,0.460002,0.325228,0.325228
2,0.460002,0.607530,0.607530
3,0.460002,0.167146,0.167146
4,0.460002,0.893239,0.893239
5,0.460002,0.079135,0.079135
6,0.460002,2.254304,2.254304
7,0.460002,0.841910,0.841910
8,0.460002,0.560271,0.560271
9,0.460002,0.002361,0.002361
0,0.480002,4.268876,4.268876
1,0.480002,0.325228,0.325228
2,0.480002,0.607530,0.607530
3,0.480002,0.167146,0.167146
4,0.480002,0.893239,0.893239
5,0.480002,0.079135,0.079135
6,0.480002,2.254304,2.254304
7,0.480002,0.841910,0.841910
8,0.480002,0.560271,0.560271
9,0.480002,0.002361,0.002361
0,0.500002,4.268876,4.268876
1,0.500002,0.325228,0.325228
2,0.500002,0.607530,0.607530
3,0.500002,0.167146,0.167146
4,0.500002,0.893239,0.893239
5,0.500002,0.079135,0.079135
6,0.500002,2.254304,2.254304
7,0.500002,0.841910,0.841910
8,0.500002,0.560271,0.560271
9,0.500002,0.002361,0.002361
0,0.520002,4.268876,4.268876
1,0.520002,0.325228,0.325228
2,0.520002,0.607530,0.607530
3,0.520002,0.167146,0.167146
4,0.520002,0.893239,0.893239
5,0.520002,0.079135,0.079135
6,0.520002,2.254304,2.254304
7,0.520002,0.841910,0.841910
8,0.520002,0.560271,0.560271
9,0.520002,0.002361,0.002361
0,0.540002,4.268876,4.268876
1,0.540002,0.325228,0.325228
2,0.540002,0.607530,0.607530
3,0.540002,0.167146,0.167146
4,0.540002,0.893239,0.893239
5,0.540002,0.079135,0.079135
6,0.540002,2.254304,2.254304
7,0.540002,0.841910,0.841910
8,0.540002,0.560271,0.560271
9,0.540002,0.002361,0.002361
0,0.560002,4.268876,4.268876
1,0.560002,0.325228,0.325228
2,0.560002,0.607530,0.607530
3,0.560002,0.167146,0.167146
4,0.560002,0.893239,0.893239
5,0.560002,0.079135,0.079135
6,0.560002,2.254304,2.254304
7,0.560002,0.841910,0.841910
8,0.560002,0.560271,0.560271
9,0.560002,0.002361,0.002361
0,0.580002,4.268876,4.268876
1,0.580002,0.325228,0.325228
2,0.580002,0.607530,0.607530
3,0.580002,0.167146,0.167146
4,0.580002,0.893239,0.893239
5,0.580002,0.079135,0.079135
6,0.580002,2.254304,2.254304
7,0.580002,0.841910,0.841910
8,0.580002,0.560271,0.560271
9,0.580002,0.002361,0.002361
0,0.600002,4.268876,4.268876
1,0.600002,0.325228,0.325228
2,0.600002,0.607530,0.607530
3,0.600002,0.167146,0.167146
4,0.600002,0.893239,0.893239
5,0.600002,0.079135,0.079135
6,0.600002,2.254304,2.254304
7,0.600002,0.841910,0.841910
8,0.600002,0.560271,0.560271
9,0.600002,0.002361,0.002361
0,0.620002,4.268876,4.268876
1,0.620002,0.325228,0.325228
2,0.620002,0.607530,0.607530
3,0.620002,0.167146,0.167146
4,0.620002,0.893239,0.893239
5,0.620002,0.079135,0.079135
6,0.620002,2.254304,2.254304
7,0.620002,0.841910,0.841910
8,0.620002,0.560271,0.560271
9,0.620002,0.002361,0.002361
0,0.640002,4.268876,4.268876
1,0.640002,0.325228,0.325228
2,0.640002,0.607530,0.607530
3,0.640002,0.167146,0.167146
4,0.640002,0.893239,0.893239
5,0.640002,0.079135,0.079135
6,0.640002,2.254304,2.254304
7,0.640002,0.841910,0.841910
8,0.640002,0.560271,0.560271
9,0.640002,0.002361,0.002361
0,0.660002,4.268876,4.268876
1,0.660002,0.325228,0.325228
2,0.660002,0.607530,0.607530
3,0.660002,0.167146,0.167146
4,0.660002,0.893239,0.893239
5,0.660002,0.079135,0.079135
6,0.660002,2.254304,2.254304
7,0.660002,0.841910,0.841910
8,0.660002,0.560271,0.560271
9,0.660002,0.002361,0.002361
0,0.680002,4.268876,4.268876
1,0.680002,0.325228,0.325228
2,0.680002,0.607530,0.607530
3,0.680002,0.167146,0.167146
4,0.680002,0.893239,0.893239
5,0.680002,0.079135,0.079135
6,0.680002,2.254304,2.254304
7,0.680002,0.841910,0.841910
8,0.680002,0.560271,0.560271
9,0.680002,0.002361,0.002361
0,0.700002,4.268876,4.268876
1,0.700002,0.325228,0.325228
2,0.700002,0.607530,0.607530
3,0.700002,0.167146,0.167146
4,0.700002,0.893239,0.893239
5,0.700002,0.079135,0.079135
6,0.700002,2.254304,2.254304
7,0.700002,0.841910,0.841910
8,0.700002,0.560271,0.560271
9,0.700002,0.002361,0.002361
0,0.720002,4.268876,4.268876
1,0.720002,0.325228,0.325228
2,0.720002,0.607530,0.607530
3,0.720002,0.167146,0.167146
4,0.720002,0.893239,0.893239
5,0.720002,0.079135,0.079135
6,0.720002,2.254304,2.254304
7,0.720002,0.841910,0.841910
8,0.720002,0.560271,0.560271
9,0.720002,0.002361,0.002361
0,0.740002,4.268876,4.268876
1,0.740002,0.325228,0.325228
2,0.740002,0.607530,0.607530
3,0.740002,0.167146,0.167146
4,0.740002,0.893239,0.893239
5,0.740002,0.079135,0.079135
6,0.740002,2.254304,2.254304
7,0.740002,0.841910,0.841910
8,0.740002,0.560271,0.560271
9,0.740002,0.002361,0.002361
0,0.760002,4.268876,4.268876
1,0.760002,0.325228,0.325228
2,0.760002,0.607530,0.607530
3,0.760002,0.167146,0.167146
4,0.760002,0.893239,0.893239
5,0.760002,0.079135,0.079135
6,0.760002,2.254304,2.254304
7,0.760002,0.841910,0.841910
8,0.760002,0.560271,0.560271
9,0.760002,0.002361,0.002361
0,0.780002,4.268876,4.268876
1,0.780002,0.325228,0.325228
2,0.780002,0.607530,0.607530
3,0.780002,0.167146,0.167146
4,0.780002,0.893239,0.893239
5,0.780002,0.079135,0.079135
6,0.780002,2.254304,2.254304
7,0.780002,0.841910,0.841910
8,0.780002,0.560271,0.560271
9,0.780002,0.002361,0.002361
0,0.800002,4.268876,4.268876
1,0.800002,0.325228,0.325228
2,0.800002,0.607530,0.607530
3,0.800002,0.167146,0.167146
4,0.800002,0.893239,0.893239
5,0.800002,0.079135,0.079135
6,0.800002,2.254304,2.254304
7,0.800002,0.841910,0.841910
8,0.800002,0.560271,0.560271
9,0.800002,0.002361,0.002361
0,0.820002,4.268876,4.268876
1,0.820002,0.325228,0.325228
2,0.820002,0.607530,0.607530
3,0.820002,0.167146,0.167146
4,0.820002,0.893239,0.893239
5,0.820002,0.079135,0.079135
6,0.820002,2.254304,2.254304
7,0.820002,0.841910,0.841910
8,0.820002,0.560271,0.560271
9,0.820002,0.002361,0.002361
0,0.840002,4.268876,4.268876
1,0.840002,0.325228,0.325228
2,0.840002,0.607530,0.607530
3,0.840002,0.167146,0.167146
4,0.840002,0.893239,0.893239
5,0.840002,0.079135,0.079135
6,0.840002,2.254304,2.254304
7,0.840002,0.841910,0.841910
8,0.840002,0.560271,0.560271
9,0.840002,0.002361,0.002361
0,0.860002,4.268876,4.268876
1,0.860002,0.325228,0.325228
2,0.860002,0.607530,0.607530
3,0.860002,0.167146,0.167146
4,0.860002,0.893239,0.893239
5,0.860002,0.079135,0.079135
6,0.860002,2.254304,2.254304
7,0.860002,0.841910,0.841910
8,0.860002,0.560271,0.560271
9,0.860002,0.002361,0.002361
0,0.880002,4.268876,4.268876
1,0.880002,0.325228,0.325228
2,0.880002,0.607530,0.607530
3,0.880002,0.167146,0.167146
4,0.880002,0.893239,0.893239
5,0.880002,0.079135,0.079135
6,0.880002,2.254304,2.254304
7,0.880002,0.841910,0.841910
8,0.880002,0.560271,0.560271
9,0.880002,0.002361,0.002361
0,0.900002,4.268876,4.268876
1,0.900002,0.325228,0.325228
2,0.900002,0.607530,0.607530
3,0.900002,0.167146,0.167146
4,0.900002,0.893239,0.893239
5,0.900002,0.079135,0.079135
6,0.900002,2.254304,2.254304
7,0.900002,0.841910,0.841910
8,0.900002,0.560271,0.560271
9,0.900002,0.002361,0.002361
0,0.920002,4.268876,4.268876
1,0.920002,0.325228,0.325228
2,0.920002,0.607530,0.607530
3,0.920002,0.167146,0.167146
4,0.920002,0.893239,0.893239
5,0.920002,0.079135,0.079135
6,0.920002,2.254304,2.254304
7,0.920002,0.841910,0.841910
8,0.920002,0.560271,0.560271
9,0.920002,0.002361,0.002361
0,0.940002,4.268876,4.268876
1,0.940002,0.325228,0.325228
2,0.940002,0.607530,0.607530
3,0.940002,0.167146,0.167146
4,0.940002,0.893239,0.893239
5,0.940002,0.079135,0.079135
6,0.940002,2.254304,2.254304
7,0.940002,0.841910,0.841910
8,0.940002,0.560271,0.560271
9,0.940002,0.002361,0.002361
0,0.960002,4.268876,4.268876
1,0.960002,0.325228,0.325228
2,0.960002,0.607530,0.607530
3,0.960002,0.167146,0.167146
4,0.960002,0.893239,0.893239
5,0.960002,0.079135,0.079135
6,0.960002,2.254304,2.254304
7,0.960002,0.841910,0.841910
8,0.960002,0.560271,0.560271
9,0.960002,0.002361,0.002361
0,0.980002,4.268876,4.268876
1,0.980002,0.325228,0.325228
2,0.980002,0.607530,0.607530
3,0.980002,0.167146,0.167146
4,0.980002,0.893239,0.893239
5,0.980002,0.079135,0.079135
6,0.980002,2.254304,2.254304
7,0.980002,0.841910,0.841910
8,0.980002,0.560271,0.560271
9,0.980002,0.002361,0.002361
0,1.000002,4.268876,4.268876
1,1.000002,0.325228,0.325228
2,1.000002,0.607530,0.607530
3,1.000002,0.167146,0.167146
4,1.000002,0.893239,0.893239
5,1.000002,0.079135,0.079135
6,1.000002,2.254304,2.254304
7,1.000002,0.841910,0.841910
8,1.000002,0.560271,0.560271
9,1.000002,0.002361,0.002361
0,1.020002,4.268876,4.268876
1,1.020002,0.325228,0.325228
2,1.020002,0.607530,0.607530
3,1.020002,0.167146,0.167146
4,1.020002,0.893239,0.893239
5,1.020002,0.079135,0.079135
6,1.020002,2.254304,2.254304
7,1.020002,0.841910,0.841910
8,1.020002,0.560271,0.560271
9,1.020002,0.002361,0.002361
0,1.040002,4.268876,4.268876
1,1.040002,0.325228,0.325228
2,1.040002,0.607530,0.607530
3,1.040002,0.167146,0.167146
4,1.040002,0.893239,0.893239
5,1.040002,0.079135,0.079135
6,1.040002,2.254304,2.254304
7,1.040002,0.841910,0.841910
8,1.040002,0.560271,0.560271
9,1.040002,0.002361,0.002361
0,1.060002,4.268876,4.268876
1,1.060002,0.325228,0.325228
2,1.060002,0.607530,0.607530
3,1.060002,0.167146,0.167146
4,1.060002,0.893239,0.893239
5,1.060002,0.079135,0.079135
6,1.060002,2.254304,2.254304
7,1.060002,0.841910,0.841910
8,1.060002,0.560271,0.560271
9,1.060002,0.002361,0.002361
0,1.080002,4.268876,4.268876
1,1.080002,0.325228,0.325228
2,1.080002,0.607530,0.607530
3,1.080002,0.167146,0.167146
4,1.080002,0.893239,0.893239
5,1.080002,0.079135,0.079135
6,1.080002,2.254304,2.254304
7,1.080002,0.841910,0.841910
8,1.080002,0.560271,0.560271
9,1.080002,0.002361,0.002361
0,1.100002,4.268876,4.268876
1,1.100002,0.325228,0.325228
2,1.100002,0.607530,0.607530
3,1.100002,0.167146,0.167146
4,1.100002,0.893239,0.893239
5,1.100002,0.079135,0.079135
6,1.100002,2.254304,2.254304
7,1.100002,0.841910,0.841910
8,1.100002,0.560271,0.560271
9,1.100002,0.002361,0.002361
0,1.120002,4.268876,4.268876
1,1.120002,0.325228,0.325228
2,1.120002,0.607530,0.607530
3,1.120002,0.167146,0.167146
4,1.120002,0.893239,0.893239
5,1.120002,0.079135,0.079135
6,1.120002,2.254304,2.254304
7,1.120002,0.841910,0.841910
8,1.120002,0.560271,0.560271
9,1.120002,0.002361,0.002361
0,1.140002,4.268876,4.268876
1,1.140002,0.325228,0.325228
2,1.140002,0.607530,0.607530
3,1.140002,0.167146,0.167146
4,1.140002,0.893239,0.893239
5,1.140002,0.079135,0.079135
6,1.140002,2.254304,2.254304
7,1.140002,0.841910,0.841910
8,1.140002,0.560271,0.560271
9,1.140002,0.002361,0.002361
0,1.160002,4.268876,4.268876
1,1.160002,0.325228,0.325228
2,1.160002,0.607530,0.607530
3,1.160002,0.167146,0.167146
4,1.160002,0.893239,0.893239
5,1.160002,0.079135,0.079135
6,1.160002,2.254304,2.254304
7,1.160002,0.841910,0.841910
8,1.160002,0.560271,0.560271
9,1.160002,0.002361,0.002361
0,1.180002,4.268876,4.268876
1,1.180002,0.325228,0.325228
2,1.180002,0.607530,0.607530
3,1.180002,0.167146,0.167146
4,1.180002,0.893239,0.893239
5,1.180002,0.079135,0.079135
6,1.180002,2.254304,2.254304
7,1.180002,0.841910,0.841910
8,1.180002,0.560271,0.560271
9,1.180002,0.002361,0.002361
0,1.200002,4.268876,4.268876
1,1.200002,0.325228,0.325228
2,1.200002,0.607530,0.607530
3,1.200002,0.167146,0.167146
4,1.200002,0.893239,0.893239
5,1.200002,0.079135,0.079135
6,1.200002,2.254304,2.254304
7,1.200002,0.841910,0.841910
8,1.200002,0.560271,0.560271
9,1.200002,0.002361,0.002361
0,1.220002,4.268876,4.268876
1,1.220002,0.325228,0.325228
2,1.220002,0.607530,0.607530
3,1.220002,0.167146,0.167146
4,1.220002,0.893239,0.893239
5,1.220002,0.079135,0.079135
6,1.220002,2.254304,2.254304
7,1.220002,0.841910,0.841910
8,1.220002,0.560271,0.560271
9,1.220002,0.002361,0.002361
0,1.240002,4.268876,4.268876
1,1.240002,0.325228,0.325228
2,1.240002,0.607530,0.607530
3,1.240002,0.167146,0.167146
4,1.240002,0.893239,0.893239
5,1.240002,0.079135,0.079135
6,1.240002,2.254304,2.254304
7,1.240002,0.841910,0.841910
8,1.240002,0.560271,0.560271
9,1.240002,0.002361,0.002361
0,1.260002,4.268876,4.268876
1,1.260002,0.325228,0.325228
2,1.260002,0.607530,0.607530
3,1.260002,0.167146,0.167146
4,1.260002,0.893239,0.893239
5,1.260002,0.079135,0.079135
6,1.260002,2.254304,2.254304
7,1.260002,0.841910,0.841910
8,1.260002,0.560271,0.560271
9,1.260002,0.002361,0.002361
0,1.280002,4.268876,4.268876
1,1.280002,0.325228,0.325228
2,1.280002,0.607530,0.607530
3,1.280002,0.167146,0.167146
4,1.280002,0.893239,0.893239
5,1.280002,0.079135,0.079135
6,1.280002,2.254304,2.254304
7,1.280002,0.841910,0.841910
8,1.280002,0.560271,0.560271
9,1.280002,0.002361,0.002361
0,1.300002,4.268876,4.268876
1,1.300002,0.325228,0.325228
2,1.300002,0.607530,0.607530
3,1.300002,0.167146,0.167146
4,1.300002,0.893239,0.893239
5,1.300002,0.079135,0.079135
6,1.300002,2.254304,2.254304
7,1.300002,0.841910,0.841910
8,1.300002,0.560271,0.560271
9,1.300002,0.002361,0.002361
0,1.320002,4.268876,4.268876
1,1.320002,0.325228,0.325228
2,1.320002,0.607530,0.607530
3,1.320002,0.167146,0.167146
4,1.320002,0.893239,0.893239
5,1.320002,0.079135,0.079135
6,1.320002,2.254304,2.254304
7,1.320002,0.841910,0.841910
8,1.320002,0.560271,0.560271
9,1.320002,0.002361,0.002361
0,1.340002,4.268876,4.268876
1,1.340002,0.325228,0.325228
2,1.340002,0.607530,0.607530
3,1.340002,0.167146,0.167146
4,1.340002,0.893239,0.893239
5,1.340002,0.079135,0.079135
6,1.340002,2.254304,2.254304
7,1.340002,0.841910,0.841910
8,1.340002,0.560271,0.560271
9,1.340002,0.002361,0.002361
0,1.360002,4.268876,4.268876
1,1.360002,0.325228,0.325228
2,1.360002,0.607530,0.607530
3,1.360002,0.167146,0.167146
4,1.360002,0.893239,0.893239
5,1.360002,0.079135,0.079135
6,1.360002,2.254304,2.254304
7,1.360002,0.841910,0.841910
8,1.360002,0.560271,0.560271
9,1.360002,0.002361,0.002361
0,1.380002,4.268876,4.268876
1,1.380002,0.325228,0.325228
2,1.380002,0.607530,0.607530
3,1.380002,0.167146,0.167146
4,1.380002,0.893239,0.893239
5,1.380002,0.079135,0.079135
6,1.380002,2.254304,2.254304
7,1.380002,0.841910,0.841910
8,1.380002,0.560271,0.560271
9,1.380002,0.002361,0.002361
0,1.400002,4.268876,4.268876
1,1.400002,0.325228,0.325228
2,1.400002,0.607530,0.607530
3,1.400002,0.167146,0.167146
4,1.400002,0.893239,0.893239
5,1.400002,0.079135,0.079135
6,1.400002,2.254304,2.254304
7,1.400002,0.841910,0.841910
8,1.400002,0.560271,0.560271
9,1.400002,0.002361,0.002361
0,1.420002,4.268876,4.268876
1,1.420002,0.325228,0.325228
2,1.420002,0.607530,0.607530
3,1.420002,0.167146,0.167146
4,1.420002,0.893239,0.893239
5,1.420002,0.079135,0.079135
6,1.420002,2.254304,2.254304
7,1.420002,0.841910,0.841910
8,1.420002,0.560271,0.560271
9,1.420002,0.002361,0.002361
0,1.440002,4.268876,4.268876
1,1.440002,0.325228,0.325228
2,1.440002,0.607530,0.607530
3,1.440002,0.167146,0.167146
4,1.440002,0.893239,0.893239
5,1.440002,0.079135,0.079135
6,1.440002,2.254304,2.254304
7,1.440002,0.841910,0.841910
8,1.440002,0.560271,0.560271
9,1.440002,0.002361,0.002361
0,1.460002,4.268876,4.268876
1,1.460002,0.325228,0.325228
2,1.460002,0.607530,0.607530
3,1.460002,0.167146,0.167146
4,1.460002,0.893239,0.893239
5,1.460002,0.079135,0.079135
6,1.460002,2.254304,2.254304
7,1.460002,0.841910,0.841910
8,1.460002,0.560271,0.560271
9,1.460002,0.002361,0.002361
0,1.480002,4.268876,4.268876
1,1.480002,0.325228,0.325228
2,1.480002,0.607530,0.607530
3,1.480002,0.167146,0.167146
4,1.480002,0.893239,0.893239
5,1.480002,0.079135,0.079135
6,1.480002,2.254304,2.254304
7,1.480002,0.841910,0.841910
8,1.480002,0.560271,0.560271
9,1.480002,0.002361,0.002361
0,1.500002,4.268876,4.268876
1,1.500002,0.325228,0.325228
2,1.500002,0.607530,0.607530
3,1.500002,0.167146,0.167146
4,1.500002,0.893239,0.893239
5,1.500002,0.079135,0.079135
6,1.500002,2.254304,2.254304
7,1.500002,0.841910,0.841910
8,1.500002,0.560271,0.560271
9,1.500002,0.002361,0.002361
0,1.520002,4.268876,4.268876
1,1.520002,0.325228,0.325228
2,1.520002,0.607530,0.607530
3,1.520002,0.167146,0.167146
4,1.520002,0.893239,0.893239
5,1.520002,0.079135,0.079135
6,1.520002,2.254304,2.254304
7,1.520002,0.841910,0.841910
8,1.520002,0.560271,0.560271
9,1.520002,0.002361,0.002361
0,1.540002,4.268876,4.268876
1,1.540002,0.325228,0.325228
2,1.540002,0.607530,0.607530
3,1.540002,0.167146,0.167146
4,1.540002,0.893239,0.893239
5,1.540002,0.079135,0.079135
6,1.540002,2.254304,2.254304
7,1.540002,0.841910,0.841910
8,1.540002,0.560271,0.560271
9,1.540002,0.002361,0.002361
0,1.560002,4.268876,4.268876
1,1.560002,0.325228,0.325228
2,1.560002,0.607530,0.607530
3,1.560002,0.167146,0.167146
4,1.560002,0.893239,0.893239
5,1.560002,0.079135,0.079135
6,1.560002,2.254304,2.254304
7,1.560002,0.841910,0.841910
8,1.560002,0.560271,0.560271
9,1.560002,0.002361,0.002361
0,1.580002,4.268876,4.268876
1,1.580002,0.325228,0.325228
2,1.580002,0.607530,0.607530
3,1.580002,0.167146,0.167146
4,1.580002,0.893239,0.893239
5,1.580002,0.079135,0.079135
6,1.580002,2.254304,2.254304
7,1.580002,0.841910,0.841910
8,1.580002,0.560271,0.560271
9,1.580002,0.002361,0.002361
0,1.600002,4.268876,4.268876
1,1.600002,0.325228,0.325228
2,1.600002,0.607530,0.607530
3,1.600002,0.167146,0.167146
4,1.600002,0.893239,0.893239
5,1.600002,0.079135,0.079135
6,1.600002,2.254304,2.254304
7,1.600002,0.841910,0.841910
8,1.600002,0.560271,0.560271
9,1.600002,0.002361,0.002361
0,1.620002,4.268876,4.268876
1,1.620002,0.325228,0.325228
2,1.620002,0.607530,0.607530
3,1.620002,0.167146,0.167146
4,1.620002,0.893239,0.893239
5,1.620002,0.079135,0.079135
6,1.620002,2.254304,2.254304
7,1.620002,0.841910,0.841910
8,1.620002,0.560271,0.560271
9,1.620002,0.002361,0.002361
0,1.640002,4.268876,4.268876
1,1.640002,0.325228,0.325228
2,1.640002,0.607530,0.607530
3,1.640002,0.167146,0.167146
4,1.640002,0.893239,0.893239
5,1.640002,0.079135,0.079135
6,1.640002,2.254304,2.254304
7,1.640002,0.841910,0.841910
8,1.640002,0.560271,0.560271
9,1.640002,0.002361,0.002361
0,1.660002,4.268876,4.268876
1,1.660002,0.325228,0.325228
2,1.660002,0.607530,0.607530
3,1.660002,0.167146,0.167146
4,1.660002,0.893239,0.893239
5,1.660002,0.079135,0.079135
6,1.660002,2.254304,2.254304
7,1.660002,0.841910,0.841910
8,1.660002,0.560271,0.560271
9,1.660002,0.002361,0.002361
0,1.680002,4.268876,4.268876
1,1.680002,0.325228,0.325228
2,1.680002,0.607530,0.607530
3,1.680002,0.167146,0.167146
4,1.680002,0.893239,0.893239
5,1.680002,0.079135,0.079135
6,1.680002,2.254304,2.254304
7,1.680002,0.841910,0.841910
8,1.680002,0.560271,0.560271
9,1.680002,0.002361,0.002361
0,1.700002,4.268876,4.268876
1,1.700002,0.325228,0.325228
2,1.700002,0.607530,0.607530
3,1.700002,0.167146,0.167146
4,1.700002,0.893239,0.893239
5,1.700002,0.079135,0.079135
6,1.700002,2.254304,2.254304
7,1.700002,0.841910,0.841910
8,1.700002,0.560271,0.560271
9,1.700002,0.002361,0.002361
0,1.720002,4.268876,4.268876
1,1.720002,0.325228,0.325228
2,1.720002,0.607530,0.607530
3,1.720002,0.167146,0.167146
4,1.720002,0.893239,0.893239
5,1.720002,0.079135,0.079135
6,1.720002,2.254304,2.254304
7,1.720002,0.841910,0.841910
8,1.720002,0.560271,0.560271
9,1.720002,0.002361,0.002361
0,1.740002,4.268876,4.268876
1,1.740002,0.325228,0.325228
2,1.740002,0.607530,0.607530
3,1.740002,0.167146,0.167146
4,1.740002,0.893239,0.893239
5,1.740002,0.079135,0.079135
6,1.740002,2.254304,2.254304
7,1.740002,0.841910,0.841910
8,1.740002,0.560271,0.560271
9,1.740002,0.002361,0.002361
0,1.760002,4.268876,4.268876
1,1.760002,0.325228,0.325228
2,1.760002,0.607530,0.607530
3,1.760002,0.167146,0.167146
4,1.760002,0.893239,0.893239
5,1.760002,0.079135,0.079135
6,1.760002,2.254304,2.254304
7,1.760002,0.841910,0.841910
8,1.760002,0.560271,0.560271
9,1.760002,0.002361,0.002361
0,1.780002,4.268876,4.268876
1,1.780002,0.325228,0.325228
2,1.780002,0.607530,0.607530
3,1.780002,0.167146,0.167146
4,1.780002,0.893239,0.893239
5,1.780002,0.079135,0.079135
6,1.780002,2.254304,2.254304
7,1.780002,0.841910,0.841910
8,1.780002,0.560271,0.560271
9,1.780002,0.002361,0.002361
0,1.800002,4.268876,4.268876
1,1.800002,0.325228,0.325228
2,1.800002,0.607530,0.607530
3,1.800002,0.167146,0.167146
4,1.800002,0.893239,0.893239
5,1.800002,0.079135,0.079135
6,1.800002,2.254304,2.254304
7,1.800002,0.841910,0.841910
8,1.800002,0.560271,0.560271
9,1.800002,0.002361,0.002361
0,1.820002,4.268876,4.268876
1,1.820002,0.325228,0.325228
2,1.820002,0.607530,0.607530
3,1.820002,0.167146,0.167146
4,1.820002,0.893239,0.893239
5,1.820002,0.079135,0.079135
6,1.820002,2.254304,2.254304
7,1.820002,0.841910,0.841910
8,1.820002,0.560271,0.560271
9,1.820002,0.002361,0.002361
0,1.840002,4.268876,4.268876
1,1.840002,0.325228,0.325228
2,1.840002,0.607530,0.607530
3,1.840002,0.167146,0.167146
4,1.840002,0.893239,0.893239
5,1.840002,0.079135,0.079135
6,1.840002,2.254304,2.254304
7,1.840002,0.841910,0.841910
8,1.840002,0.560271,0.560271
9,1.840002,0.002361,0.002361
0,1.860002,4.268876,4.268876
1,1.860002,0.325228,0.325228
2,1.860002,0.607530,0.607530
3,1.860002,0.167146,0.167146
4,1.860002,0.893239,0.893239
5,1.860002,0.079135,0.079135
6,1.860002,2.254304,2.254304
7,1.860002,0.841910,0.841910
8,1.860002,0.560271,0.560271
9,1.860002,0.002361,0.002361
0,1.880002,4.268876,4.268876
1,1.880002,0.325228,0.325228
2,1.880002,0.607530,0.607530
3,1.880002,0.167146,0.167146
4,1.880002,0.893239,0.893239
5,1.880002,0.079135,0.079135
6,1.880002,2.254304,2.254304
7,1.880002,0.841910,0.841910
8,1.880002,0.560271,0.560271
9,1.880002,0.002361,0.002361
0,1.900002,4.268876,4.268876
1,1.900002,0.325228,0.325228
2,1.900002,0.607530,0.607530
3,1.900002,0.167146,0.167146
4,1.900002,0.893239,0.893239
5,1.900002,0.079135,0.079135
6,1.900002,2.254304,2.254304
7,1.900002,0.841910,0.841910
8,1.900002,0.560271,0.560271
9,1.900002,0.002361,0.002361
0,1.920002,4.268876,4.268876
1,1.920002,0.325228,0.325228
2,1.920002,0.607530,0.607530
3,1.920002,0.167146,0.167146
4,1.920002,0.893239,0.893239
5,1.920002,0.079135,0.079135
6,1.920002,2.254304,2.254304
7,1.920002,0.841910,0.841910
8,1.920002,0.560271,0.560271
9,1.920002,0.002361,0.002361
0,1.940002,4.268876,4.268876
1,1.940002,0.325228,0.325228
2,1.940002,0.607530,0.607530
3,1.940002,0.167146,0.167146
4,1.940002,0.893239,0.893239
5,1.940002,0.079135,0.079135
6,1.940002,2.254304,2.254304
7,1.940002,0.841910,0.841910
8,1.940002,0.560271,0.560271
9,1.940002,0.002361,0.002361
0,1.960002,4.268876,4.268876
1,1.960002,0.325228,0.325228
2,1.960002,0.607530,0.607530
3,1.960002,0.167146,0.167146
4,1.960002,0.893239,0.893239
5,1.960002,0.079135,0.079135
6,1.960002,2.254304,2.254304
7,1.960002,0.841910,0.841910
8,1.960002,0.560271,0.560271
9,1.960002,0.002361,0.002361
0,1.980002,4.268876,4.268876
1,1.980002,0.325228,0.325228
2,1.980002,0.607530,0.607530
3,1.980002,0.167146,0.167146
4,1.980002,0.893239,0.893239
5,1.980002,0.079135,0.079135
6,1.980002,2.254304,2.254304
7,1.980002,0.841910,0.841910
8,1.980002,0.560271,0.560271
9,1.980002,0.002361,0.002361
