site,rate,lnL,branch_len
1,0.0982012206,-29957.3227355399,0
1,0.1329561906,-29957.3227355399,0
1,0.1094834947,-29957.3227355399,0
1,0.1883088438,-29957.3227355399,0
1,0.1384034169,-29957.3227355399,0
1,0.1685045278,-29957.3227355399,0
1,0.1852598354,-29957.3227355399,0
1,0.1030768927,-29957.3227355399,0
1,0.1630416797,-29957.3227355399,0
1,0.1071566642,-29957.3227355399,0
1,3.1543709481,-59909.7008310014,0.25
1,3.4456947954,-59912.5718789987,0.25
1,3.4567355932,-59912.5718789987,0.25
1,3.4520951908,-59912.5718789989,0.25
1,3.693404027,-59913.6531040096,0.25
1,3.6137229153,-59913.3835411377,0.25
1,19.6507308777,-59914.645471079,0.25
1,3.0939870006,-59908.8369092852,0.25
1,3.5283883625,-59913.1606211274,0.25
1,3.7359388917,-59913.8908450452,0.25
1,3.023271069,-59908.2240764827,0.5
1,4.9061329432,-59914.628671353,0.5
1,3.4152940933,-59912.7498448489,0.5
1,3.0518370902,-59908.9855194063,0.5
1,3.4122254079,-59912.8359084157,0.5
1,3.0604792462,-59908.8369092851,0.5
1,4.4421679585,-59914.578440344,0.5
1,3.0328370084,-59908.8369092849,0.5
1,3.2353447864,-59911.5661439076,0.5
1,3.241439707,-59911.4550242942,0.5
1,3.2556254624,-59911.3420002317,0.75
1,3.5347636968,-59913.3835411378,0.75
1,3.887655223,-59914.2699461184,0.75
1,4.7469594859,-59914.6192379801,0.75
1,3.2511317781,-59911.5661439076,0.75
1,3.3225731767,-59912.2903838597,0.75
1,3.7906200074,-59914.0481307181,0.75
1,4.063288174,-59914.4409543641,0.75
1,3.1066208427,-59909.5614773325,0.75
1,3.2775903478,-59911.8880436972,0.75
1,3.306988694,-59912.0930617903,1
1,3.1328762085,-59910.3696312712,1
1,3.44810413,-59913.0823810066,1
1,3.3494579477,-59912.3861506261,1
1,3.1808357886,-59910.8709236694,1
1,3.2139805533,-59911.4550242945,1
1,3.3202967192,-59912.0930617904,1
1,2.797445518,-59902.4957629841,1
1,3.035951967,-59908.5341653675,1
1,3.4029293959,-59912.749844849,1
1,3.5946489584,-59913.7155314126,1.25
1,3.7932062526,-59914.0965362472,1.25
1,3.7537013939,-59914.0481307179,1.25
1,3.0874034441,-59909.2772009346,1.25
1,2.9651488558,-59907.5819587411,1.25
1,3.4358480297,-59912.9200212328,1.25
1,3.3795209316,-59912.5718789988,1.25
1,3.2157373578,-59911.2270749374,1.25
1,3.3968353603,-59912.5718789988,1.25
1,5.7414359861,-59914.6444191127,1.25
1,4.2481499834,-59914.5189779038,1.5
1,3.2658970619,-59911.8880436975,1.5
1,3.7008609094,-59913.890845045,1.5
1,3.0915229233,-59909.8383242391,1.5
1,3.194149616,-59910.9915334673,1.5
1,3.3678241991,-59912.4799834515,1.5
1,3.3622746757,-59912.3861506258,1.5
1,3.3140690635,-59912.0930617904,1.5
1,3.2588183018,-59911.7826568563,1.5
1,3.3554749927,-59912.5718789986,1.5
1,3.0378064647,-59908.6864569396,1.75
1,3.2780745062,-59911.991513101,1.75
1,3.5288595073,-59913.3112046496,1.75
1,3.0443060523,-59908.6864569396,1.75
1,3.2558581771,-59911.7826568562,1.75
1,3.1665265547,-59910.3696312712,1.75
1,3.1269769015,-59910.3696312712,1.75
1,3.508564584,-59913.3112046495,1.75
1,3.2955905578,-59911.9915131023,1.75
1,3.6529132269,-59913.7759664255,1.75
1,3.4656299595,-59913.3112046496,2
1,3.7912370786,-59914.096536247,2
1,3.1506688081,-59910.7484253959,2
1,3.3897028221,-59912.7498448491,2
1,3.3401744397,-59912.4799834516,2
1,3.4086604119,-59912.749844849,2
1,3.0429342586,-59908.9855194065,2
1,3.1251472138,-59910.3696312713,2
1,3.1235424538,-59910.107717121,2
1,3.644367935,-59913.8344054928,2
2,0.1308244048,-29957.3227355399,0
2,0.1479397405,-29957.3227355399,0
2,0.1794106588,-29957.3227355399,0
2,0.1400446666,-29957.3227355399,0
2,0.1851005527,-29957.3227355399,0
2,0.1809472631,-29957.3227355399,0
2,0.09571341,-29957.3227355399,0
2,0.1542110183,-29957.3227355399,0
2,0.1491142096,-29957.3227355399,0
2,0.1836912749,-29957.3227355399,0
2,1.00638191,-57695.2683956279,0.25
2,0.9995516,-57643.6301966827,0.25
2,1.0095354608,-57682.3981019553,0.25
2,0.9836950373,-57539.1060899665,0.25
2,0.9971904778,-57617.6545597692,0.25
2,1.0019230944,-57647.3325025055,0.25
2,1.0112371397,-57702.6110653759,0.25
2,1.0140269631,-57751.9491554938,0.25
2,1.0403636,-57908.2329127688,0.25
2,1.0050464506,-57733.721560745,0.25
2,1.0688190304,-58099.8176849975,0.5
2,1.0559946283,-58051.698728348,0.5
2,1.0653056325,-58084.399644244,0.5
2,1.0684988567,-58118.5989604626,0.5
2,1.0572361699,-58072.3758541883,0.5
2,1.0759198325,-58125.4112909156,0.5
2,1.0848056595,-58216.4720069948,0.5
2,1.0723695936,-58154.2608633059,0.5
2,1.095932066,-58261.3640549574,0.5
2,1.0927810071,-58221.4811577989,0.5
2,1.0849374624,-58147.4877340539,0.75
2,1.0969884612,-58244.7873747759,0.75
2,1.0708947732,-58167.7793453936,0.75
2,1.0870636816,-58216.4720069945,0.75
2,1.0832787931,-58181.2607125743,0.75
2,1.1033566806,-58291.0530855428,0.75
2,1.0845831763,-58166.0915628878,0.75
2,1.0819316728,-58236.4769446385,0.75
2,1.0751423339,-58116.8944409809,0.75
2,1.0799639139,-58179.5775746821,0.75
2,1.0844652824,-58193.0263873518,1
2,1.0434271397,-58011.839365892,1
2,1.0855506985,-58219.8120266177,1
2,1.0662215615,-58103.2376225648,1
2,1.0890207295,-58214.8011189382,1
2,1.077968655,-58196.3827668086,1
2,1.0593746203,-58055.1506002247,1
2,1.0840172457,-58203.0885266196,1
2,1.1028251147,-58259.7090418809,1
2,1.0700846874,-58125.4112909158,1
2,1.0801213435,-58219.8120266178,1.25
2,1.0776521708,-58166.0915628877,1.25
2,1.0963558788,-58266.3255491203,1.25
2,1.1020658201,-58241.4649675679,1.25
2,1.0905970776,-58244.7873747758,1.25
2,1.065930732,-58101.5279401584,1.25
2,1.06633078,-58099.8176849974,1.25
2,1.0665959651,-58106.6552683923,1.25
2,1.0649595,-58067.2142519939,1.25
2,1.0741553963,-58172.8392126448,1.25
2,1.101373141,-58282.8253977341,1.5
2,1.0924788984,-58253.0830864137,1.5
2,1.0714036379,-58125.4112909156,1.5
2,1.0965693564,-58266.3255491202,1.5
2,1.0708638729,-58127.1129357487,1.5
2,1.0771832348,-58147.4877340537,1.5
2,1.0764731688,-58132.2144166519,1.5
2,1.0853027594,-58186.3066369503,1.5
2,1.0803011034,-58191.3473234025,1.5
2,1.0853778815,-58223.1497029683,1.5
2,1.0836673772,-58184.6252438975,1.75
2,1.0673609544,-58139.008325956,1.75
2,1.0761421764,-58133.913758477,1.75
2,1.0845049826,-58177.8938555546,1.75
2,1.1014694645,-58289.4087358025,1.75
2,1.0452081741,-57964.6676430987,1.75
2,1.1061690776,-58310.7388679833,1.75
2,1.076516616,-58164.4032006497,1.75
2,1.0896567708,-58214.8011189384,1.75
2,1.0594326574,-58072.3758541884,1.75
2,1.089215042,-58281.178079447,2
2,1.067266748,-58120.3029053794,2
2,1.0881452594,-58241.4649675679,2
2,1.0713623433,-58150.8754547912,2
2,1.0954030532,-58269.6302556869,2
2,1.0593132132,-58065.4925793194,2
2,1.089629796,-58229.8180196565,2
2,1.0948372699,-58264.6723087755,2
2,1.1036380034,-58276.2325667512,2
2,1.0739764066,-58182.9432690422,2
3,0.184026263,-29957.3227355399,0
3,0.118344722,-29957.3227355399,0
3,0.147245343,-29957.3227355399,0
3,0.0878477841,-29957.3227355399,0
3,0.1820778833,-29957.3227355399,0
3,0.1446039924,-29957.3227355399,0
3,0.1873164777,-29957.3227355399,0
3,0.1427872325,-29957.3227355399,0
3,0.0945719028,-29957.3227355399,0
3,0.1696520995,-29957.3227355399,0
3,2.7469138217,-59897.658362392,0.25
3,2.6250534985,-59889.7580999695,0.25
3,2.583318548,-59885.7709423166,0.25
3,2.5368385035,-59881.8517307649,0.25
3,2.4906695076,-59876.9947110047,0.25
3,2.536513137,-59881.8517307648,0.25
3,2.5050776731,-59878.7642155225,0.25
3,2.5308804934,-59882.852806373,0.25
3,2.5204126616,-59882.520683127,0.25
3,2.8705672076,-59903.7377406538,0.25
3,2.6425443631,-59894.0181366553,0.5
3,2.5432002622,-59887.3365482553,0.5
3,2.5129264614,-59884.1655633718,0.5
3,2.5983283266,-59891.7919491467,0.5
3,2.6499625885,-59895.3557963285,0.5
3,2.4863861914,-59881.1765180295,0.5
3,2.5133797803,-59886.0872541106,0.5
3,2.5234630548,-59886.7150961984,0.5
3,2.6308949294,-59894.5581819724,0.5
3,2.470070012,-59880.4950617792,0.5
3,2.4729331133,-59878.7642155221,0.75
3,2.4610664001,-59879.807378774,0.75
3,2.5131413804,-59886.7150961985,0.75
3,2.4530941068,-59879.8073787736,0.75
3,2.4556420844,-59879.1134856757,0.75
3,2.5061756965,-59885.1335481933,0.75
3,2.3693903643,-59867.1798549692,0.75
3,2.7140754254,-59900.0562271275,0.75
3,2.4820826426,-59880.4950617793,0.75
3,2.4788591579,-59882.1869905501,0.75
3,2.6580616305,-59895.6183371786,1
3,2.6199889212,-59893.745630461,1
3,2.6597701585,-59896.3959339568,1
3,2.5420466281,-59887.3365482553,1
3,2.4170732502,-59875.1868037253,1
3,2.6771687475,-59897.6583623922,1
3,2.6553404689,-59894.8257163103,1
3,2.7227659436,-59899.3547522898,1
3,2.4831727221,-59881.5149058877,1
3,2.5363503523,-59887.0266220864,1
3,2.5080699085,-59886.7150961986,1.25
3,2.4343689088,-59877.3516922521,1.25
3,2.4230156523,-59876.9947110047,1.25
3,2.3936234089,-59870.3083169539,1.25
3,2.5084600033,-59885.7709423164,1.25
3,2.5927139226,-59891.2189949301,1.25
3,2.547770389,-59887.6448724857,1.25
3,2.6164424385,-59892.9182062859,1.25
3,2.4192069634,-59873.3407455376,1.25
3,2.7096416017,-59899.1175106029,1.25
3,2.4612371949,-59880.8365692939,1.5
3,2.7209089198,-59899.5902873095,1.5
3,2.409110394,-59873.7129972795,1.5
3,2.651882634,-59895.8792086905,1.5
3,2.7414287307,-59899.8241131088,1.5
3,2.4851142485,-59881.8517307647,1.5
3,2.4419507743,-59876.6361936585,1.5
3,2.395738496,-59871.8365972981,1.5
3,2.5888998592,-59891.7919491467,1.5
3,2.5185458478,-59886.7150961985,1.5
3,2.5234871553,-59885.7709423166,1.75
3,2.4977389202,-59884.8124702307,1.75
3,2.4928722435,-59882.18699055,1.75
3,2.5979253048,-59891.2189949301,1.75
3,2.5394616614,-59888.2567062193,1.75
3,2.5942986623,-59890.0535279809,1.75
3,2.7371583469,-59900.2866267956,1.75
3,2.6629802858,-59896.1384084305,1.75
3,2.4832044892,-59882.1869905501,1.75
3,2.5264695501,-59886.0872541106,1.75
3,2.6039386797,-59894.5581819723,2
3,2.5823110237,-59890.9300695468,2
3,2.6143991828,-59894.0181366552,2
3,2.6009170916,-59892.6391042518,2
3,2.5359958319,-59888.2567062192,2
3,2.5332417927,-59886.4019728045,2
3,2.6157268538,-59893.4714717534,2
3,2.6264523901,-59894.5581819724,2
3,2.4663911975,-59880.4950617792,2
3,2.6604998949,-59896.9059525641,2
4,0.1746633794,-29957.3227355399,0
4,0.0984720535,-29957.3227355399,0
4,0.1272466062,-29957.3227355399,0
4,0.134615043,-29957.3227355399,0
4,0.1770781255,-29957.3227355399,0
4,0.1428443025,-29957.3227355399,0
4,0.135215168,-29957.3227355399,0
4,0.1360750296,-29957.3227355399,0
4,0.1386074125,-29957.3227355399,0
4,0.1786990684,-29957.3227355399,0
4,2.483220401,-59877.3516922521,0.25
4,2.4951415926,-59878.0610383161,0.25
4,2.5686407386,-59884.4898079011,0.25
4,2.7154840187,-59895.3557963284,0.25
4,2.6427408527,-59890.6395150608,0.25
4,2.5612506255,-59884.1655633717,0.25
4,2.4952361958,-59877.7071353686,0.25
4,2.5781008246,-59887.0266220864,0.25
4,2.4544755292,-59875.5514452614,0.25
4,2.5200853473,-59883.1833581589,0.25
4,2.479173181,-59880.836569294,0.5
4,2.3681849449,-59868.3642196786,0.5
4,2.4785313658,-59880.8365692939,0.5
4,2.5249942464,-59886.0872541106,0.5
4,2.5212298746,-59886.0872541108,0.5
4,2.4440043403,-59876.6361936583,0.5
4,2.4850163907,-59883.5123363494,0.5
4,2.4774383539,-59882.5206831269,0.5
4,2.4277389771,-59877.3516922521,0.5
4,2.4504388889,-59878.4133990506,0.5
4,2.4861227051,-59880.1519975771,0.75
4,2.3896967283,-59871.4567847254,0.75
4,2.4951130516,-59885.1335481932,0.75
4,2.3878322747,-59872.2149016212,0.75
4,2.4822164667,-59881.8517307647,0.75
4,2.4072789077,-59874.8206361643,0.75
4,2.5726233956,-59888.8621053969,0.75
4,2.3998273861,-59876.2761422397,0.75
4,2.3445235035,-59863.1357158495,0.75
4,2.7057709261,-59898.3955709425,0.75
4,2.4892514376,-59882.8528063731,1
4,2.555053328,-59889.162386407,1
4,2.4747032686,-59882.520683127,1
4,2.5022622542,-59883.839738803,1
4,2.5615280021,-59889.162386407,1
4,2.5114573116,-59886.4019728045,1
4,2.4367581432,-59876.2761422396,1
4,2.4831182351,-59882.8528063729,1
4,2.5037891749,-59883.5123363493,1
4,2.4214102015,-59875.5514452611,1
4,2.5456899959,-59889.7580999693,1.25
4,2.4769122011,-59881.8517307648,1.25
4,2.5993964648,-59892.6391042519,1.25
4,2.4643279611,-59878.7642155227,1.25
4,2.6403390042,-59895.3557963284,1.25
4,2.4989284646,-59883.5123363494,1.25
4,2.5905292148,-59890.9300695467,1.25
4,2.4318539642,-59876.6361936584,1.25
4,2.3754207827,-59867.5761309642,1.25
4,2.3546073972,-59868.7560286052,1.25
4,2.4480782828,-59879.4612074489,1.5
4,2.3995521255,-59874.4529445763,1.5
4,2.6711096024,-59896.1384084303,1.5
4,2.4458518656,-59879.4612074487,1.5
4,2.4573106415,-59879.4612074487,1.5
4,2.5345549796,-59886.4019728046,1.5
4,2.5333076988,-59885.7709423166,1.5
4,2.5833733117,-59890.3473337739,1.5
4,2.5688321991,-59890.347333774,1.5
4,2.4624725179,-59881.5149058877,1.5
4,2.5843416729,-59890.6395150607,1.75
4,2.5084590713,-59885.7709423164,1.75
4,2.4187052685,-59874.0837309523,1.75
4,2.4901322647,-59882.1869905501,1.75
4,2.394923218,-59873.7129972793,1.75
4,2.4493773896,-59876.6361936584,1.75
4,2.4674378786,-59881.8517307648,1.75
4,2.4992845379,-59884.1655633717,1.75
4,2.4500142049,-59878.7642155228,1.75
4,2.4509675466,-59878.7642155224,1.75
4,2.4448555701,-59881.8517307647,2
4,2.4790186183,-59882.1869905501,2
4,2.5265164633,-59887.6448724857,2
4,2.5339225527,-59887.6448724855,2
4,2.5284902399,-59887.6448724857,2
4,2.4604972869,-59879.4612074487,2
4,2.4359812421,-59878.0610383161,2
4,2.3722449134,-59871.0754658503,2
4,2.3973157936,-59872.5916957421,2
4,2.5090033317,-59886.4019728045,2
5,0.1742764008,-29957.3227355399,0
5,0.180661065,-29957.3227355399,0
5,0.1128317969,-29957.3227355399,0
5,0.1056698297,-29957.3227355399,0
5,0.1641698487,-29957.3227355399,0
5,0.1580080581,-29957.3227355399,0
5,0.1830422495,-29957.3227355399,0
5,0.1713817183,-29957.3227355399,0
5,0.135049002,-29957.3227355399,0
5,0.160809056,-29957.3227355399,0
5,0.1408091092,-40281.8593822606,0.25
5,0.1407789589,-40264.1978713962,0.25
5,0.1347487223,-39922.1380604464,0.25
5,0.140702789,-40246.5258189824,0.25
5,0.1382940276,-40118.0865597565,0.25
5,0.1383250322,-40122.5248124592,0.25
5,0.13424818,-39908.7302250088,0.25
5,0.1434122723,-40435.9505716361,0.25
5,0.1390740633,-40228.8432075659,0.25
5,0.1411779912,-40361.2061934471,0.25
5,0.1401409897,-40356.8036015771,0.5
5,0.1439287336,-40576.1384790422,0.5
5,0.1408531789,-40396.4034449792,0.5
5,0.1427336085,-40523.6452944237,0.5
5,0.1428532384,-40541.1532941014,0.5
5,0.1412751497,-40405.1962443703,0.5
5,0.139844629,-40405.1962443701,0.5
5,0.1473964935,-40793.8724972071,0.5
5,0.1395590323,-40383.2093640692,0.5
5,0.1390687611,-40317.1508487555,0.5
5,0.1338468193,-39980.1679844553,0.75
5,0.1390164624,-40321.5593290262,0.75
5,0.1459615039,-40750.4522716737,0.75
5,0.1414604531,-40475.4451722704,0.75
5,0.141070073,-40427.1668672382,0.75
5,0.1401274,-40409.5916684894,0.75
5,0.1351999539,-40082.5564664175,0.75
5,0.144499986,-40702.6171960917,0.75
5,0.1432509897,-40501.745818217,0.75
5,0.1385360948,-40312.7417128813,0.75
5,0.1368351814,-40211.1500196136,1
5,0.1489903441,-40871.8707883321,1
5,0.1395145583,-40387.6080423,1
5,0.141947693,-40475.4451722708,1
5,0.140684847,-40418.380566886,1
5,0.1431697232,-40597.9834021498,1
5,0.1407881721,-40392.0060691821,1
5,0.1429448464,-40554.2775487811,1
5,0.1360960426,-40149.1403165197,1
5,0.1435015786,-40563.0238437548,1
5,0.1453350828,-40733.0665420323,1.25
5,0.1420131648,-40492.9815173527,1.25
5,0.1381496804,-40312.7417128812,1.25
5,0.1367676114,-40162.439073387,1.25
5,0.1420859478,-40528.023258687,1.25
5,0.1404615272,-40396.4034449792,1.25
5,0.1390687696,-40317.1508487556,1.25
5,0.1432333549,-40545.5286876275,1.25
5,0.1439582182,-40536.7772582718,1.25
5,0.1420212538,-40528.0232586869,1.25
5,0.1375610338,-40273.0299434344,1.5
5,0.1403496291,-40435.950571636,1.5
5,0.1385270381,-40290.6861900442,1.5
5,0.140073405,-40413.9864425741,1.5
5,0.1395689815,-40352.4003565062,1.5
5,0.1388274104,-40299.510368949,1.5
5,0.1383302333,-40255.3631639718,1.5
5,0.1388652933,-40303.9214732469,1.5
5,0.1403116297,-40422.7740416872,1.5
5,0.1438633955,-40624.1762245024,1.5
5,0.1391172619,-40325.9671539611,1.75
5,0.1475746284,-40815.5590424889,1.75
5,0.1395683979,-40325.9671539612,1.75
5,0.1377577083,-40237.6858342435,1.75
5,0.1415895078,-40497.3639902108,1.75
5,0.1432592799,-40492.9815173527,1.75
5,0.1361969295,-40211.1500196138,1.75
5,0.1383530363,-40303.9214732469,1.75
5,0.1401865098,-40387.6080422999,1.75
5,0.1439002207,-40580.5087432317,1.75
5,0.1475146562,-40880.5247635096,2
5,0.1412756592,-40457.8984889968,2
5,0.1421122669,-40541.1532941017,2
5,0.1421143059,-40519.2666868409,2
5,0.1401576009,-40431.559043801,2
5,0.1437435779,-40563.0238437547,2
5,0.1420685149,-40510.5075406981,2
5,0.1435407882,-40606.7168964081,2
5,0.1402693762,-40392.0060691821,2
5,0.1428644625,-40589.2473517578,2
